Dataset,n_estimators,max_depth,MAPE,RMSE,MAE,R2,Time(s)
Malaysia,5,3,4.276543316095592,2384.985683477023,1817.1993815104167,0.971449077129364,1.616157054901123
Malaysia,5,4,3.6543141924628717,2122.7343750141094,1616.8123252326673,0.9773827195167542,0.4793398380279541
Malaysia,5,5,4.016012762304964,2200.6644535351884,1724.5790495325307,0.9756916165351868,0.5177252292633057
Malaysia,5,6,3.5091273460962786,2015.0239500580938,1538.2976527813353,0.9796197414398193,0.8574202060699463
Malaysia,5,7,3.2755937187372623,1932.4631303226458,1448.5853518293204,0.9812555909156799,1.13753342628479
Malaysia,5,8,3.222150970023908,1932.7141027689843,1420.1232603312842,0.9812507629394531,1.5920193195343018
Malaysia,6,3,4.068806448202676,2357.6288750820204,1771.9731151810108,0.9721003174781799,0.42520880699157715
Malaysia,6,4,3.454089639180368,2034.9657182186456,1543.220828530567,0.9792143702507019,0.45410728454589844
Malaysia,6,5,4.003598228985529,2193.8169261455228,1718.64266083931,0.9758426547050476,0.503939151763916
Malaysia,6,6,3.253293080162143,1879.4978872139386,1414.387707319416,0.9822690486907959,0.6543350219726562
Malaysia,6,7,3.186951703081673,1878.9950456943002,1406.942965814976,0.9822785258293152,1.3134915828704834
Malaysia,6,8,3.2350440331953787,1950.8863215173506,1439.8905489561987,0.980896532535553,1.8457627296447754
Malaysia,7,3,4.073132468542783,2355.940371611741,1772.255668598446,0.9721402525901794,0.4074254035949707
Malaysia,7,4,3.68983338817771,2123.861094094059,1627.9212479721652,0.9773586988449097,0.4551973342895508
Malaysia,7,5,3.9526112285792454,2178.20928510158,1698.8536957287397,0.976185142993927,0.49557995796203613
Malaysia,7,6,3.4777805116304537,1992.952924981822,1521.8582997139686,0.980063796043396,1.068652868270874
Malaysia,7,7,3.1538841683275534,1860.1397733937667,1391.1062358585211,0.9826323986053467,1.520690679550171
Malaysia,7,8,3.0461171418815938,1859.1316041539653,1345.5075723616803,0.9826512336730957,2.4060137271881104
Malaysia,8,3,4.214188963591221,2325.598236450601,1802.020960073002,0.9728532433509827,0.38493943214416504
Malaysia,8,4,3.458077335063129,2034.8346554416826,1543.8815757876537,0.9792170524597168,0.42066121101379395
Malaysia,8,5,3.9207604756273313,2159.4028118597635,1683.8721983862704,0.9765946269035339,0.49011731147766113
Malaysia,8,6,3.651901919469678,2031.498902478195,1568.7497932142248,0.9792851209640503,0.8696975708007812
Malaysia,8,7,3.053765245576316,1837.9223722213267,1356.5688463221481,0.9830448031425476,1.7169842720031738
Malaysia,8,8,2.961639324582628,1853.9393644601116,1324.684362192623,0.9827479720115662,2.739525079727173
Malaysia,9,3,3.998805138803613,2320.5514679226058,1737.8354091956967,0.9729709029197693,0.4021618366241455
Malaysia,9,4,3.4504992625758844,2029.319243020306,1539.5547968963456,0.9793295860290527,0.4480626583099365
Malaysia,9,5,3.915224115690393,2156.64610702456,1681.19740837389,0.9766542911529541,0.5148756504058838
Malaysia,9,6,3.644818880778248,2029.7184239749117,1566.0487120581454,0.9793214201927185,0.9656352996826172
Malaysia,9,7,3.2976684612432146,1908.4061004746143,1448.650265219433,0.9817193746566772,1.7195613384246826
Malaysia,9,8,3.1399824548744224,1897.9173346700488,1385.0314647903858,0.9819197654724121,3.7058517932891846
Malaysia,10,3,4.000870809420396,2320.477010765498,1738.4453098317965,0.9729726314544678,0.3840320110321045
Malaysia,10,4,3.4697606028971983,2040.7255285844192,1549.658739433914,0.979096531867981,0.5158271789550781
Malaysia,10,5,3.899166851612955,2150.0553466650504,1675.3540345905908,0.9767968058586121,0.5562148094177246
Malaysia,10,6,3.634151795877353,2030.0539656633732,1563.354670957138,0.9793146252632141,1.077737808227539
Malaysia,10,7,3.215167379522815,1858.1891284668368,1406.9334003052425,0.9826688170433044,1.923799753189087
Malaysia,10,8,2.8301981401323024,1778.767428786529,1279.935034579918,0.984118640422821,3.020894765853882
Malaysia,11,3,3.9863993655584613,2319.256706466175,1735.7628780844434,0.9730010628700256,0.462191104888916
Malaysia,11,4,3.4688685752987727,2040.167329839404,1548.6296480105875,0.9791079759597778,0.5013134479522705
Malaysia,11,5,3.9142475054884045,2153.5750556654853,1680.0879693370048,0.9767207503318787,0.6065573692321777
Malaysia,11,6,3.592018768911334,2025.2151488121947,1550.4698679772882,0.9794130921363831,1.1653990745544434
Malaysia,11,7,3.1526101536047464,1836.2586841177674,1382.5449312137125,0.9830754995346069,2.0934393405914307
Malaysia,11,8,2.9464733527542886,1851.9262509182442,1313.8403613814892,0.9827854037284851,4.411100149154663
Malaysia,12,3,3.995853298646068,2321.978299755385,1739.0717840142588,0.9729377031326294,0.40113234519958496
Malaysia,12,4,3.4507348805234663,2033.994860474705,1540.9845164147882,0.9792342185974121,0.46375203132629395
Malaysia,12,5,3.898842117813215,2147.4207416168447,1674.1886766777664,0.976853609085083,0.6158239841461182
Malaysia,12,6,3.6114029427105185,2026.1915631912232,1554.5590860335553,0.9793932437896729,1.2570858001708984
Malaysia,12,7,3.105089327276653,1809.2792468925993,1361.60113425333,0.9835691452026367,2.2815256118774414
Malaysia,12,8,2.9867497520650956,1871.8574871535661,1328.2221933166838,0.9824128746986389,4.805622339248657
Malaysia,13,3,3.627334175656848,2224.5048033426538,1634.9481674778006,0.9751620888710022,0.41030216217041016
Malaysia,13,4,3.4367899821231354,2030.996496408195,1535.3675196913423,0.9792953729629517,0.4849545955657959
Malaysia,13,5,3.910158529984224,2149.2886249737226,1677.409733339737,0.9768133163452148,0.6756210327148438
Malaysia,13,6,3.606126465378471,2022.911018698088,1551.5046466764857,0.9794598817825317,1.3721086978912354
Malaysia,13,7,3.0893186803632027,1826.5614979937693,1362.297095126793,0.9832537770271301,2.459994077682495
Malaysia,13,8,2.8256399033993915,1797.8880447737188,1276.7213541666667,0.9837753772735596,3.589048147201538
Malaysia,14,3,4.077296458475027,2261.6282777790466,1748.2907034451844,0.9743261337280273,0.4224851131439209
Malaysia,14,4,3.4618093473882436,2037.5545666033506,1543.392672846226,0.9791614413261414,0.5300180912017822
Malaysia,14,5,3.903157904901084,2144.9975564614765,1673.469602491035,0.9769058227539062,0.7375690937042236
Malaysia,14,6,3.6113151827265657,2021.8668136675994,1551.7465766948428,0.9794811010360718,1.4681129455566406
Malaysia,14,7,3.339727806263731,1885.414587302782,1451.3790583376024,0.9821572303771973,2.533897638320923
Malaysia,14,8,2.9143540456407817,1800.1825518399676,1304.437458642845,0.9837339520454407,4.726521015167236
Malaysia,15,3,4.076453460658596,2261.8043605467356,1748.690553758965,0.9743221402168274,0.46292805671691895
Malaysia,15,4,3.4602699456141335,2035.358395108307,1541.6300589139344,0.979206383228302,0.4917178153991699
Malaysia,15,5,3.8902954936437557,2140.424494613944,1668.2940213563013,0.9770041704177856,0.7608354091644287
Malaysia,15,6,3.6011414579076666,2015.5175759341369,1546.9244845030737,0.9796097874641418,1.5542969703674316
Malaysia,15,7,3.3742245111068776,1885.46414313347,1458.3256902642588,0.9821562767028809,2.72550630569458
Malaysia,15,8,2.8433070639738176,1818.7859727713192,1300.8210169057377,0.983396053314209,4.11906623840332
Malaysia,16,3,4.381330602846782,2409.743017893782,1887.7137044270833,0.9708532691001892,0.4792013168334961
Malaysia,16,4,3.6591705002113386,2106.3152192382663,1617.0839563588627,0.9777312874794006,0.4819643497467041
Malaysia,16,5,3.887850215516951,2136.7168507299707,1666.417641895065,0.9770838022232056,0.7999577522277832
Malaysia,16,6,3.627019631582097,2018.8579486818967,1553.5002174585895,0.9795421361923218,1.6713643074035645
Malaysia,16,7,3.3678610292732993,1880.6999728198423,1454.4847992443647,0.9822463393211365,2.9036753177642822
Malaysia,16,8,2.8754115974259897,1827.3679481006825,1309.8270270342384,0.983238935470581,4.420074462890625
Malaysia,17,3,4.4120080992491255,2411.0378441685284,1890.2356410625853,0.9708219170570374,0.48588085174560547
Malaysia,17,4,3.5105926677774972,2017.6602588480878,1540.996980927681,0.9795663952827454,0.9566311836242676
Malaysia,17,5,3.897525826249014,2137.9548842228273,1668.8447105532787,0.9770572185516357,0.8580813407897949
Malaysia,17,6,3.6146049900122046,2012.1616123357492,1548.131960008965,0.9796776175498962,1.755582571029663
Malaysia,17,7,3.341668292449304,1855.767276697054,1437.2782882940573,0.9827139377593994,3.094027519226074
Malaysia,17,8,3.9089198655285746,2094.7327710954128,1646.8991405716358,0.9779754877090454,4.679768800735474
Malaysia,18,3,3.5313304063418394,2164.527773846485,1591.417439111595,0.9764833450317383,0.3976273536682129
Malaysia,18,4,3.6403830000977284,2088.720586693219,1605.8015096695697,0.9781017303466797,0.5320417881011963
Malaysia,18,5,3.870584463771364,2127.9472912139468,1658.316246157787,0.9772714972496033,0.9193980693817139
Malaysia,18,6,3.6218291400147318,2011.8233717013966,1549.3279128778177,0.9796844720840454,1.8431522846221924
Malaysia,18,7,3.0947568691295153,1785.2627186754903,1351.555956230789,0.9840024709701538,3.335693359375
Malaysia,18,8,3.883764423399385,2088.7060431533714,1641.523073290215,0.9781020283699036,4.888278245925903
Malaysia,19,3,3.504587281380129,2138.1574507154387,1575.2431307099555,0.9770528674125671,0.40044689178466797
Malaysia,19,4,3.6565299209626394,2086.539168265626,1608.6061664852289,0.9781474471092224,0.5549533367156982
Malaysia,19,5,3.860659242253296,2124.9293885567236,1654.5987782295936,0.9773359298706055,0.9443385601043701
Malaysia,19,6,3.6240263593920816,2009.7465926477062,1549.0612832991803,0.9797263741493225,1.9176373481750488
Malaysia,19,7,3.34760527334556,1852.011197950827,1432.1958087858607,0.982783854007721,3.362992763519287
Malaysia,19,8,3.97547832208833,2109.33375884278,1666.3011521302938,0.9776673913002014,5.148255109786987
Malaysia,20,3,3.986430511718978,2207.508787676788,1700.276707383453,0.9755401611328125,0.4778885841369629
Malaysia,20,4,3.6308212777524504,2081.9343236168356,1600.8005184319502,0.9782438278198242,0.5114829540252686
Malaysia,20,5,3.9235490505342177,2177.2106489081734,1693.6435053257344,0.9762069582939148,0.9813342094421387
Malaysia,20,6,3.621320179462258,2007.230306524823,1547.2061253948941,0.9797770977020264,2.0116615295410156
Malaysia,20,7,3.147485403691999,1807.9347425066153,1364.4414649504781,0.9835935831069946,4.157233476638794
Malaysia,20,8,3.6564621760712805,1997.1648758512747,1536.0863830899932,0.979979395866394,5.697082042694092
ISO-NE,5,3,2.024789057880375,346.1832752997696,271.6606492006062,0.9711281657218933,0.2487185001373291
ISO-NE,5,4,1.6963781826501982,293.57475908878354,227.48791637316427,0.9792365431785583,0.5135424137115479
ISO-NE,5,5,1.582967134177097,275.87492810510986,212.76451702847507,0.981664776802063,0.5288276672363281
ISO-NE,5,6,1.4226773228111418,249.80266524642397,191.76698645086236,0.9849666357040405,0.5551934242248535
ISO-NE,5,7,1.3663986865936395,245.37665402547512,184.12843064271686,0.9854946136474609,1.2515475749969482
ISO-NE,5,8,1.3374208129132394,242.65950403762523,180.8906256670509,0.985814094543457,2.1632068157196045
ISO-NE,6,3,1.8109689292336277,316.00915332552154,243.188547936945,0.9759418964385986,0.45746612548828125
ISO-NE,6,4,1.6911664423188995,293.2085582837898,226.84346250106728,0.9792883396148682,0.5480704307556152
ISO-NE,6,5,1.5836226609199069,275.89019635219313,212.8003863558743,0.9816627502441406,0.5931811332702637
ISO-NE,6,6,1.427103872249039,250.19672849048308,192.32696499850582,0.9849191904067993,0.6527299880981445
ISO-NE,6,7,1.3765168242796149,246.39907730784068,185.77339547579405,0.9853734970092773,1.481846809387207
ISO-NE,6,8,1.3438201380086618,243.31048129612336,181.86301109439037,0.9857379198074341,2.5548882484436035
ISO-NE,7,3,1.8125046724633342,316.0967653864186,243.32727317601606,0.975928544998169,0.3952298164367676
ISO-NE,7,4,1.6859261096308575,292.6807496139623,226.213212143528,0.9793628454208374,0.4893198013305664
ISO-NE,7,5,1.5845581294608932,275.9487436203564,212.87535086876707,0.981654942035675,0.5159127712249756
ISO-NE,7,6,1.426482539771308,250.19964550575708,192.23403880635246,0.9849188327789307,0.730405330657959
ISO-NE,7,7,1.4386899539312836,254.6633058362817,195.02359759221312,0.9843758940696716,1.1807835102081299
ISO-NE,7,8,1.3360648003107838,241.84350382276716,180.32272922536714,0.9859093427658081,3.2253875732421875
ISO-NE,8,3,1.8123012229986717,315.9923142133252,243.22310784345117,0.975944459438324,0.42694854736328125
ISO-NE,8,4,1.6938886006142677,293.735524992739,227.33249284921447,0.9792138338088989,0.5392019748687744
ISO-NE,8,5,1.5666297404834113,273.69358686845965,210.73371595372268,0.9819535613059998,0.6046099662780762
ISO-NE,8,6,1.452341122977538,252.91580055137382,195.76296346695696,0.9845895767211914,0.823549747467041
ISO-NE,8,7,1.4231457174265842,253.86544350950842,193.14862160604508,0.9844736456871033,1.3288028240203857
ISO-NE,8,8,1.3412915464585278,242.51756820310467,181.6399199272114,0.9858307242393494,3.410252332687378
ISO-NE,9,3,1.8118382821903045,316.01601172751856,243.22320456582992,0.9759408235549927,0.44092345237731934
ISO-NE,9,4,1.6883422937900474,293.0976286802278,226.56699258773054,0.9793040156364441,0.5432791709899902
ISO-NE,9,5,1.5394025753560512,272.39292887460897,209.05126019253757,0.9821246862411499,0.8204169273376465
ISO-NE,9,6,1.4504191396238721,252.74338949114252,195.48493932505124,0.9846106171607971,0.9053854942321777
ISO-NE,9,7,1.4209467183804174,252.33908422569948,192.4735994599556,0.9846597909927368,1.4767680168151855
ISO-NE,9,8,1.3242315279013765,240.60678932288704,179.14327852843238,0.9860531091690063,3.8377180099487305
ISO-NE,10,3,1.8121231326610194,315.9644210730607,243.19286308913934,0.975948691368103,0.44207072257995605
ISO-NE,10,4,1.6810770038497471,292.1475952258642,225.50150620090506,0.9794379472732544,0.5542216300964355
ISO-NE,10,5,1.5511626255456932,273.83049839402776,208.8149867657104,0.9819355010986328,0.5608680248260498
ISO-NE,10,6,1.4365995136540375,256.9738898628625,195.1189358403774,0.9840911030769348,1.4665486812591553
ISO-NE,10,7,1.3833209486798161,248.30200496470155,187.2709507342896,0.985146701335907,2.5369913578033447
ISO-NE,10,8,1.3468437714728414,245.87799101407452,182.52631982688695,0.9854353070259094,4.285098075866699
ISO-NE,11,3,1.8116786929074413,315.9932350678447,243.1927436870304,0.9759443402290344,0.3947930335998535
ISO-NE,11,4,1.6794252856185021,291.97359920006284,225.3118736392162,0.9794624447822571,0.5001883506774902
ISO-NE,11,5,1.532230249128973,271.446491207759,208.1619532850922,0.9822486639022827,0.8513731956481934
ISO-NE,11,6,1.4240895601300858,249.62184059239027,191.6405256094177,0.9849883913993835,1.0658862590789795
ISO-NE,11,7,1.3806558778218894,248.07764359931042,186.94189253009733,0.9851735234260559,2.7932724952697754
ISO-NE,11,8,1.3269058643089955,242.60424950333078,179.40024921021174,0.9858205914497375,4.697852611541748
ISO-NE,12,3,1.811909011346526,315.9396120377373,243.16050244941087,0.9759525060653687,0.4498276710510254
ISO-NE,12,4,1.682331057922588,292.3256450842285,225.699385512722,0.979412853717804,0.5552136898040771
ISO-NE,12,5,1.5349957668705838,271.75743105179254,208.48013255635246,0.9822080135345459,0.9372744560241699
ISO-NE,12,6,1.4078113767103098,253.25409043934403,190.36057102224214,0.9845483303070068,1.8512897491455078
ISO-NE,12,7,1.383799848665411,247.94933620334805,186.9065761878842,0.985188901424408,3.0275449752807617
ISO-NE,12,8,1.352686374027322,246.2098974380011,183.0941995922985,0.9853959679603577,5.175663471221924
ISO-NE,13,3,1.8120298521238187,315.89846582958893,243.12604726989412,0.9759587645530701,0.4910895824432373
ISO-NE,13,4,1.64524349467714,283.9085059525775,220.999106818861,0.9805813431739807,0.9836924076080322
ISO-NE,13,5,1.512263964006786,268.8241261727733,205.66521916623975,0.9825900197029114,0.9946866035461426
ISO-NE,13,6,1.4102896005181693,253.61934759601212,190.46654472976434,0.9845037460327148,1.9714348316192627
ISO-NE,13,7,1.373050047620095,247.64860532064623,185.4764404296875,0.9852247834205627,3.536579132080078
ISO-NE,13,8,1.3401626148561947,244.93490541911123,181.45422630101606,0.9855468273162842,5.575127124786377
ISO-NE,14,3,1.8117663822604781,315.9324043132938,243.1415075083248,0.9759535789489746,0.44934511184692383
ISO-NE,14,4,1.6450051780210473,283.9381368297439,220.99172323258196,0.980577290058136,0.9239342212677002
ISO-NE,14,5,1.5455486742769828,274.62456457482256,210.4323677104679,0.9818305969238281,1.0339503288269043
ISO-NE,14,6,1.4246644299411355,255.12186868726909,193.16217074368168,0.9843195676803589,1.974219799041748
ISO-NE,14,7,1.3946903173056409,249.38832666895237,188.6211938076332,0.9850164651870728,3.533989906311035
ISO-NE,14,8,1.348483246299312,244.62356768091198,182.107987534153,0.9855835437774658,5.530148506164551
ISO-NE,15,3,1.8121653702872447,315.91255938655974,243.14142679516735,0.9759566187858582,0.43549084663391113
ISO-NE,15,4,1.6747089388618357,291.5936582493411,224.68935773672303,0.9795158505439758,0.5685951709747314
ISO-NE,15,5,1.5395527769906452,272.6670060603859,208.16259498804644,0.9820886850357056,0.8436684608459473
ISO-NE,15,6,1.441124133404464,255.42119209912363,195.1120211908726,0.9842827916145325,2.4629054069519043
ISO-NE,15,7,1.3765760751486793,244.70780132144534,185.27345751152663,0.9855735898017883,2.5114495754241943
ISO-NE,15,8,1.3635901323484851,246.60279601792914,183.926031394083,0.9853492975234985,4.111316680908203
ISO-NE,16,3,1.8118206926793279,315.94950019113907,243.1515766414788,0.9759509563446045,0.47124242782592773
ISO-NE,16,4,1.6745558137096064,291.5634745611641,224.67911250213456,0.9795200824737549,0.5656681060791016
ISO-NE,16,5,1.5605666942809793,275.9449640644369,211.2846339491547,0.981655478477478,0.8883566856384277
ISO-NE,16,6,1.4411770513791278,255.99166722976133,194.77841303257344,0.9842125177383423,2.2433040142059326
ISO-NE,16,7,1.3847882042018964,244.1333916402454,185.83393701438695,0.9856412410736084,2.717930316925049
ISO-NE,16,8,1.3356945565503766,245.06910508562427,181.09931187030395,0.9855309724807739,6.884620428085327
ISO-NE,17,3,1.8122430332388237,315.8993515745474,243.13150041090336,0.9759585857391357,0.43149471282958984
ISO-NE,17,4,1.6439329118412602,283.7332683684371,220.82221693028518,0.9806053042411804,0.9614195823669434
ISO-NE,17,5,1.546722511662373,273.6378914128618,209.05913672942282,0.9819608926773071,0.9530644416809082
ISO-NE,17,6,1.446882012466955,257.3320747914286,195.87298350516565,0.9840466976165771,2.371821403503418
ISO-NE,17,7,1.377800449488424,244.97553529207855,185.418212890625,0.9855419993400574,2.8738720417022705
ISO-NE,17,8,1.34297396539366,245.93286631141208,181.79190213563012,0.9854288101196289,7.343381643295288
ISO-NE,18,3,1.812757525146767,315.9045043605491,243.15697575136613,0.9759578108787537,0.42046284675598145
ISO-NE,18,4,1.674811445380275,291.5526315248989,224.68160393720117,0.979521632194519,0.5662925243377686
ISO-NE,18,5,1.5577429843365955,273.6846827857972,210.85592101050204,0.9819547533988953,1.299123764038086
ISO-NE,18,6,1.4137034200364844,254.1529274358347,190.78877033171108,0.9844384789466858,2.6806154251098633
ISO-NE,18,7,1.3829059578700353,248.55060451501328,187.15967797451333,0.9851169586181641,4.572088003158569
ISO-NE,18,8,1.3387541828671718,246.55115610943068,180.41452409921447,0.9853554368019104,7.5475852489471436
ISO-NE,19,3,1.8139689611405139,315.9306275566018,243.248856674778,0.9759538769721985,0.43013477325439453
ISO-NE,19,4,1.6443624614972259,283.75791206612115,220.89460929495388,0.980601966381073,0.9167976379394531
ISO-NE,19,5,1.5314511963052577,270.77364735237734,206.8865513202271,0.9823365807533264,1.3267967700958252
ISO-NE,19,6,1.4441380344406578,256.5703366998603,195.10981725473874,0.9841410517692566,2.6420257091522217
ISO-NE,19,7,1.373184426806494,246.71404305871428,185.72585609310963,0.9853360652923584,3.1881916522979736
ISO-NE,19,8,1.3665256326046464,248.7471155683752,185.18969326331967,0.9850934147834778,8.215619564056396
ISO-NE,20,3,1.813432857931786,315.9742542374987,243.24386379888148,0.9759472012519836,0.4376676082611084
ISO-NE,20,4,1.6433467243486926,283.6310515948587,220.72890651682036,0.9806193113327026,0.9710710048675537
ISO-NE,20,5,1.5490377021596815,274.0163854913531,209.32364575328722,0.9819110035896301,1.0840933322906494
ISO-NE,20,6,1.4443382109644767,256.5869264722624,195.16418056800717,0.9841389656066895,2.7745983600616455
ISO-NE,20,7,1.3712680161285569,248.0347620351972,185.32598910305668,0.9851786494255066,5.46662163734436
ISO-NE,20,8,1.4656314000516635,253.64858884866135,197.57116232283127,0.9845001697540283,5.665544271469116
Belgium,5,3,1.6195278729859695,200.79722497807253,152.77273930470847,0.9776591023140591,0.4067249298095703
Belgium,5,4,1.556212688010953,193.05534604637077,146.62431674390126,0.9793486298210443,0.5400397777557373
Belgium,5,5,1.5198962536909226,189.7384984687079,143.16804643230165,0.9800521485545912,0.5972568988800049
Belgium,5,6,1.4724553902241695,184.70889307928203,138.2904812280902,0.9810956905444391,0.5825521945953369
Belgium,5,7,1.5181170261639392,190.64073601151185,142.81195431053112,0.9798619869203397,0.8128323554992676
Belgium,5,8,1.4565224405955235,183.63779424799466,136.87795876302584,0.9813143012975625,2.0371344089508057
Belgium,6,3,1.6237366814333207,201.44836241576257,153.20184095724883,0.9775139749987654,0.34912753105163574
Belgium,6,4,1.545161608012072,191.9510784240052,145.63326126854832,0.9795842039107755,0.5178399085998535
Belgium,6,5,1.5207148656887604,189.70511647181553,143.25263098618177,0.9800591670620868,0.5461368560791016
Belgium,6,6,1.472220728328251,184.67047535507626,138.2582473122959,0.9811035535661611,0.6547877788543701
Belgium,6,7,1.4643845648571645,183.56999992852892,137.56619307949958,0.9813280953033171,1.3879578113555908
Belgium,6,8,1.4570555075063163,183.69736097516898,136.93306786940548,0.9813021771436977,2.4236690998077393
Belgium,7,3,1.624238625040264,201.47123890462527,153.23459798489725,0.9775088676799263,0.37116527557373047
Belgium,7,4,1.5533474717024967,192.7741156253071,146.3637758265703,0.9794087531322361,0.5430710315704346
Belgium,7,5,1.5198752426101378,189.79249973213848,143.15938569229016,0.9800407922670573,0.6107118129730225
Belgium,7,6,1.4728945648865333,184.7842068578898,138.32565938040244,0.9810802711976339,0.7646942138671875
Belgium,7,7,1.4623242056023091,183.37938852383488,137.288965196408,0.9813668514201676,1.6089484691619873
Belgium,7,8,1.4562308459865982,183.57928479768077,136.8271074016159,0.981326206426307,2.820861339569092
Belgium,8,3,1.6240945681636965,201.48064335125855,153.22100087339126,0.9775067679103369,0.34981703758239746
Belgium,8,4,1.5435858379366885,191.75905918128547,145.4785409188316,0.9796250295724789,0.5088448524475098
Belgium,8,5,1.5488402894515485,193.13059242112053,146.01874137863763,0.9793325282873867,0.44727587699890137
Belgium,8,6,1.46907039266632,185.08791590215895,138.16206737118227,0.9810180276222353,0.9330308437347412
Belgium,8,7,1.4548355816731429,182.77139351645445,136.62437472987898,0.981490203133352,1.8193111419677734
Belgium,8,8,1.4701866333772435,184.6337885848538,138.11804745275882,0.9811110607838284,2.3402926921844482
Belgium,9,3,1.624251905085921,201.52104468518903,153.2382228888542,0.977497746222907,0.3939785957336426
Belgium,9,4,1.5550726656656824,193.31866165837064,146.56366449169226,0.9792922570065095,0.558772087097168
Belgium,9,5,1.5162962806691407,189.90423659405184,142.83714289251586,0.9800172841123082,0.6698613166809082
Belgium,9,6,1.472828257265073,184.8762315005289,138.38576089338025,0.9810614220237716,0.965634822845459
Belgium,9,7,1.467614887439324,184.0046866781784,137.82769346667305,0.9812395618908515,1.6252858638763428
Belgium,9,8,1.439422102100927,181.98215874672186,135.3732632044156,0.9816497142467565,4.408514738082886
Belgium,10,3,1.61518029588512,199.98646684172124,152.26365546514836,0.9778391495936045,0.6775650978088379
Belgium,10,4,1.5457818923679825,192.4235966073759,145.71813888872217,0.979483566721649,0.5876121520996094
Belgium,10,5,1.5161154167120678,189.5697222257331,142.81086648068333,0.9800876208078783,0.6693174839019775
Belgium,10,6,1.4741837164894052,185.0066880796514,138.47438140787074,0.9810346848517878,1.0600082874298096
Belgium,10,7,1.4630523490247644,183.57985763025562,137.38052000546244,0.9813260898883875,2.296079397201538
Belgium,10,8,1.4424005033670673,182.11836473277148,135.5884332681041,0.9816222351341072,4.669998645782471
Belgium,11,3,1.6155825562638517,200.01053516988551,152.30330381260802,0.9778338151654888,0.7201251983642578
Belgium,11,4,1.546570706687502,192.72218246322788,145.81257840262438,0.97941984616217,0.5623071193695068
Belgium,11,5,1.513363364968411,189.46249071754943,142.52357395613237,0.9801101416041499,0.7393510341644287
Belgium,11,6,1.532829521318114,191.57893642177925,144.00843127971334,0.9796632887532143,0.9524345397949219
Belgium,11,7,1.4934566460312428,186.61736569172564,140.0932476499472,0.9807030213780342,1.9099323749542236
Belgium,11,8,1.4920627580524715,185.94817108504802,140.0022133490804,0.9808411680152694,3.2537524700164795
Belgium,12,3,1.6156735204147725,200.0118309545233,152.3087964232976,0.9778335279536696,0.6312911510467529
Belgium,12,4,1.5582386522278104,194.04456089537695,146.89733010888878,0.9791364525299793,0.5530009269714355
Belgium,12,5,1.5117781306782045,189.22445489348917,142.35968719236217,0.9801600884264914,0.7744059562683105
Belgium,12,6,1.5301360232324686,191.425935823447,143.78459864519306,0.9796957587790686,1.0300679206848145
Belgium,12,7,1.46182332842714,183.916082680268,137.30065002371063,0.981257625013443,2.1764211654663086
Belgium,12,8,1.48505879756888,185.0447141941325,139.39163626554696,0.9810268878216636,3.547571897506714
Belgium,13,3,1.6159679117125052,200.03844709350176,152.33938890372886,0.9778276280511151,0.6444559097290039
Belgium,13,4,1.559245613782244,194.08336699891638,146.9745368024875,0.9791281068805365,0.5654802322387695
Belgium,13,5,1.51250289400799,189.3406200428718,142.46455081126345,0.9801357214521049,0.8449475765228271
Belgium,13,6,1.530108222639256,191.4881676914873,143.8108744567566,0.9796825549647996,1.1175034046173096
Belgium,13,7,1.4627763544105366,183.95463415306162,137.33696412492793,0.9812497668438157,2.332608699798584
Belgium,13,8,1.49380739441338,186.3940898898715,140.47068069745248,0.9807491689689324,3.843609571456909
Belgium,14,3,1.6240977806432477,201.74368256330078,153.1390981484705,0.9774479983521286,0.4670565128326416
Belgium,14,4,1.5575787195467716,193.88760470889113,146.82273172631338,0.9791701905378829,0.6545357704162598
Belgium,14,5,1.5147446779953395,189.43536224226668,142.66852522179937,0.9801158371156933,0.9073374271392822
Belgium,14,6,1.5317464520197648,191.6077570953097,143.94295946834183,0.979657169481299,1.1899807453155518
Belgium,14,7,1.4634000767261208,183.88705101110816,137.35796652900495,0.9812635416192811,2.525536060333252
Belgium,14,8,1.4876477230142908,185.6975697711284,139.90501662744907,0.980892773719656,4.138684511184692
Belgium,15,3,1.6242509750420027,201.75275710152107,153.1541301578107,0.9774459695044253,0.3899195194244385
Belgium,15,4,1.558350799268644,194.06553394875172,146.90747090196407,0.9791319422675955,0.5678842067718506
Belgium,15,5,1.5153360560581448,189.4916407181128,142.7343216886165,0.9801040207727032,0.9822876453399658
Belgium,15,6,1.5316299503577875,191.61069599780927,143.94840784671533,0.9796565454350197,1.278968334197998
Belgium,15,7,1.4636144355430705,184.01982964396515,137.4063041067398,0.9812364739220901,2.707942485809326
Belgium,15,8,1.4938896124880692,186.4052570542107,140.34933468443862,0.9807468622044451,4.433644771575928
Belgium,16,3,1.6217754184413762,201.56198900000635,152.94713900577457,0.9774886014414139,0.3981940746307373
Belgium,16,4,1.5576188006469573,193.93080229660808,146.83579560393056,0.97916090786343,0.607154130935669
Belgium,16,5,1.5140736254753877,189.35766723340186,142.61121862844553,0.9801321443497878,1.0372226238250732
Belgium,16,6,1.5331284351295045,191.7408375744145,144.0729763509052,0.9796289015883648,1.3665580749511719
Belgium,16,7,1.4633987340571488,183.95659358927472,137.38378521327553,0.9812493673966184,2.8966641426086426
Belgium,16,8,1.5028489204233457,187.20297061780576,141.03644478726468,0.9805817235982375,5.143585920333862
Belgium,17,3,1.6220320474940968,201.58247331061972,152.97179882587398,0.977484025639056,0.4335205554962158
Belgium,17,4,1.5536771928649729,193.2812500169796,146.42801289227575,0.9793002710873645,0.6430304050445557
Belgium,17,5,1.5156045320152645,189.54924558012564,142.75285753517576,0.980091922303981,1.0898396968841553
Belgium,17,6,1.5344874729900626,191.84969877192145,144.17579753229447,0.9796057635680544,1.4486467838287354
Belgium,17,7,1.4635701193667927,184.0197362190865,137.4122534395409,0.981236492974164,3.0656838417053223
Belgium,17,8,1.481607895349228,185.49694235834744,139.02576478012148,0.9809340382613573,5.4694743156433105
Belgium,18,3,1.6222574130391103,201.60377261673966,152.9947405562692,0.9774792672891988,0.4057435989379883
Belgium,18,4,1.5530379837354884,193.3453808916959,146.39907652378264,0.9792865324349825,0.6231789588928223
Belgium,18,5,1.5150933389669667,189.48514528882313,142.69799841078805,0.9801053847453913,1.143092155456543
Belgium,18,6,1.536392514036958,192.01309738124573,144.3592633724909,0.9795710091848816,1.522667646408081
Belgium,18,7,1.4639422592939515,183.987830285449,137.4261886750264,0.9812429989644763,3.309281349182129
Belgium,18,8,1.4720620814649177,185.00722215265336,138.1352444295044,0.9810345753543689,6.258185386657715
Belgium,19,3,1.6034312994024895,198.87344901831278,151.2362419864099,0.9780851340803942,0.5796997547149658
Belgium,19,4,1.5531757349029727,193.3459203386852,146.39648306191174,0.9792864168508061,0.6004655361175537
Belgium,19,5,1.5154874433295702,189.5888660375535,142.7335414290602,0.980083598877757,1.2019100189208984
Belgium,19,6,1.535660162312176,191.98018217995994,144.30039727297827,0.979578012527048,1.5834197998046875
Belgium,19,7,1.437603993062424,181.55359267247874,135.32007059162504,0.9817360419373051,4.739557981491089
Belgium,19,8,1.4775936095754818,185.5481072346295,138.46649689060698,0.9809235190355812,6.617038726806641
Belgium,20,3,1.5986924149398354,198.31904672474292,150.8008666232472,0.9782071485283936,0.937485933303833
Belgium,20,4,1.552201252344154,193.22760230829965,146.31795636945353,0.97931176044715,0.635676383972168
Belgium,20,5,1.516239155866862,189.64336667790457,142.79034315123172,0.9800721465952037,1.2536036968231201
Belgium,20,6,1.5364277472215315,192.07915020327496,144.38348177733624,0.9795569515543389,1.6882319450378418
Belgium,20,7,1.4422027174118617,181.2922343956886,135.74425436845706,0.981788588413519,5.395161151885986
Belgium,20,8,1.4769439818464507,185.38261146877798,138.47359019340664,0.9809575335984841,6.940135478973389
